scenario,A,eps,rel_shift_pct,med_a_in_AU,med_a_out_AU,med_width_AU,med_abs_d_a_in_AU,star_to_star_spread
midA_midGH_REF,0.3,0.6,0,0.49210288,0.91837572,0.42627283,0,0
lowA_weakGH,0.1,1,-12.168993,0.43221892,0.80661864,0.37439972,0.059883968,6.2450045e-16
lowA_midGH,0.1,0.6,13.389342,0.55799222,1.0413402,0.48334796,0.065889338,9.15934e-16
lowA_strongGH,0.1,0.3,60.356745,0.78912017,1.4726774,0.68355724,0.29701728,1.110223e-15
midA_weakGH,0.3,1,-22.540333,0.38118125,0.71137077,0.33018952,0.11092163,6.3837824e-16
midA_strongGH,0.3,0.3,41.421356,0.69593857,1.2987794,0.60284082,0.20383569,1.0547119e-15
highA_weakGH,0.5,1,-34.534633,0.32215696,0.60121803,0.27906108,0.16994592,4.9960036e-16
highA_midGH,0.5,0.6,-15.484575,0.41590285,0.77616914,0.3602663,0.076200038,6.1062266e-16
highA_strongGH,0.5,0.3,19.522861,0.58817545,1.0976689,0.50949349,0.096072562,9.9920072e-16
